{
  "performance_tests": {
    "命令列表查询": {
      "avg_ms": 15.191685733333333,
      "min_ms": 12.926769000000004,
      "max_ms": 18.21664299999992,
      "median_ms": 14.641042000000049,
      "count": 15,
      "success_rate": 100.0
    },
    "策略列表查询": {
      "avg_ms": 24.203370533333324,
      "min_ms": 20.90317799999997,
      "max_ms": 29.427492000000054,
      "median_ms": 24.08368799999994,
      "count": 15,
      "success_rate": 100.0
    },
    "命令组列表查询": {
      "avg_ms": 17.268002533333323,
      "min_ms": 14.420555000000057,
      "max_ms": 21.462055000000202,
      "median_ms": 17.309664999999974,
      "count": 15,
      "success_rate": 100.0
    },
    "拦截日志查询": {
      "avg_ms": 18.201349933333333,
      "min_ms": 10.932563999999978,
      "max_ms": 34.41263400000017,
      "median_ms": 14.815359999999833,
      "count": 15,
      "success_rate": 100.0
    },
    "大页面命令查询": {
      "avg_ms": 18.092760800000004,
      "min_ms": 15.56110300000002,
      "max_ms": 20.509632,
      "median_ms": 18.18777799999993,
      "count": 15,
      "success_rate": 100.0
    },
    "大页面策略查询": {
      "avg_ms": 32.62191460000001,
      "min_ms": 22.78217199999988,
      "max_ms": 64.93407799999984,
      "median_ms": 26.96081699999997,
      "count": 15,
      "success_rate": 100.0
    }
  },
  "concurrent_tests": {
    "parallel_commands": {
      "avg_ms": 62.86505719999988,
      "max_ms": 68.81938599999992,
      "total_time_ms": 69.09022500000006,
      "success_rate": 100.0
    }
  },
  "summary": {
    "passed_tests": 0,
    "total_tests": 6,
    "pass_rate": 0.0,
    "average_improvement": -5.097596043669256
  },
  "timestamp": "2025-07-28 21:28:31"
}